{
    "name": "laravel_10",
    "lockfileVersion": 3,
    "requires": true,
    "packages": {
        "": {
            "devDependencies": {
                "@popperjs/core": "^2.11.6",
                "axios": "^1.1.2",
                "bootstrap": "^5.2.3",
                "laravel-vite-plugin": "^0.7.4",
                "sass": "^1.56.1",
                "vite": "^4.2.0"
            }
        },
        "node_modules/@esbuild/android-arm": {
            "version": "0.17.12",
            "resolved": "https://registry.npmjs.org/@esbuild/android-arm/-/android-arm-0.17.12.tgz",
            "integrity": "sha512-E/sgkvwoIfj4aMAPL2e35VnUJspzVYl7+M1B2cqeubdBhADV4uPon0KCc8p2G+LqSJ6i8ocYPCqY3A4GGq0zkQ==",
            "cpu": [
                "arm"
            ],
            "dev": true,
            "optional": true,
            "os": [
                "android"
            ],
            "engines": {
                "node": ">=12"
            }
        },
        "node_modules/@esbuild/android-arm64": {
            "version": "0.17.12",
            "resolved": "https://registry.npmjs.org/@esbuild/android-arm64/-/android-arm64-0.17.12.tgz",
            "integrity": "sha512-WQ9p5oiXXYJ33F2EkE3r0FRDFVpEdcDiwNX3u7Xaibxfx6vQE0Sb8ytrfQsA5WO6kDn6mDfKLh6KrPBjvkk7xA==",
            "cpu": [
                "arm64"
            ],
            "dev": true,
            "optional": true,
            "os": [
                "android"
            ],
            "engines": {
                "node": ">=12"
            }
        },
        "node_modules/@esbuild/android-x64": {
            "version": "0.17.12",
            "resolved": "https://registry.npmjs.org/@esbuild/android-x64/-/android-x64-0.17.12.tgz",
            "integrity": "sha512-m4OsaCr5gT+se25rFPHKQXARMyAehHTQAz4XX1Vk3d27VtqiX0ALMBPoXZsGaB6JYryCLfgGwUslMqTfqeLU0w==",
            "cpu": [
                "x64"
            ],
            "dev": true,
            "optional": true,
            "os": [
                "android"
            ],
            "engines": {
                "node": ">=12"
            }
        },
        "node_modules/@esbuild/darwin-arm64": {
            "version": "0.17.12",
            "resolved": "https://registry.npmjs.org/@esbuild/darwin-arm64/-/darwin-arm64-0.17.12.tgz",
            "integrity": "sha512-O3GCZghRIx+RAN0NDPhyyhRgwa19MoKlzGonIb5hgTj78krqp9XZbYCvFr9N1eUxg0ZQEpiiZ4QvsOQwBpP+lg==",
            "cpu": [
                "arm64"
            ],
            "dev": true,
            "optional": true,
            "os": [
                "darwin"
            ],
            "engines": {
                "node": ">=12"
            }
        },
        "node_modules/@esbuild/darwin-x64": {
            "version": "0.17.12",
            "resolved": "https://registry.npmjs.org/@esbuild/darwin-x64/-/darwin-x64-0.17.12.tgz",
            "integrity": "sha512-5D48jM3tW27h1qjaD9UNRuN+4v0zvksqZSPZqeSWggfMlsVdAhH3pwSfQIFJwcs9QJ9BRibPS4ViZgs3d2wsCA==",
            "cpu": [
                "x64"
            ],
            "dev": true,
            "optional": true,
            "os": [
                "darwin"
            ],
            "engines": {
                "node": ">=12"
            }
        },
        "node_modules/@esbuild/freebsd-arm64": {
            "version": "0.17.12",
            "resolved": "https://registry.npmjs.org/@esbuild/freebsd-arm64/-/freebsd-arm64-0.17.12.tgz",
            "integrity": "sha512-OWvHzmLNTdF1erSvrfoEBGlN94IE6vCEaGEkEH29uo/VoONqPnoDFfShi41Ew+yKimx4vrmmAJEGNoyyP+OgOQ==",
            "cpu": [
                "arm64"
            ],
            "dev": true,
            "optional": true,
            "os": [
                "freebsd"
            ],
            "engines": {
                "node": ">=12"
            }
        },
        "node_modules/@esbuild/freebsd-x64": {
            "version": "0.17.12",
            "resolved": "https://registry.npmjs.org/@esbuild/freebsd-x64/-/freebsd-x64-0.17.12.tgz",
            "integrity": "sha512-A0Xg5CZv8MU9xh4a+7NUpi5VHBKh1RaGJKqjxe4KG87X+mTjDE6ZvlJqpWoeJxgfXHT7IMP9tDFu7IZ03OtJAw==",
            "cpu": [
                "x64"
            ],
            "dev": true,
            "optional": true,
            "os": [
                "freebsd"
            ],
            "engines": {
                "node": ">=12"
            }
        },
        "node_modules/@esbuild/linux-arm": {
            "version": "0.17.12",
            "resolved": "https://registry.npmjs.org/@esbuild/linux-arm/-/linux-arm-0.17.12.tgz",
            "integrity": "sha512-WsHyJ7b7vzHdJ1fv67Yf++2dz3D726oO3QCu8iNYik4fb5YuuReOI9OtA+n7Mk0xyQivNTPbl181s+5oZ38gyA==",
            "cpu": [
                "arm"
            ],
            "dev": true,
            "optional": true,
            "os": [
                "linux"
            ],
            "engines": {
                "node": ">=12"
            }
        },
        "node_modules/@esbuild/linux-arm64": {
            "version": "0.17.12",
            "resolved": "https://registry.npmjs.org/@esbuild/linux-arm64/-/linux-arm64-0.17.12.tgz",
            "integrity": "sha512-cK3AjkEc+8v8YG02hYLQIQlOznW+v9N+OI9BAFuyqkfQFR+DnDLhEM5N8QRxAUz99cJTo1rLNXqRrvY15gbQUg==",
            "cpu": [
                "arm64"
            ],
            "dev": true,
            "optional": true,
            "os": [
                "linux"
            ],
            "engines": {
                "node": ">=12"
            }
        },
        "node_modules/@esbuild/linux-ia32": {
            "version": "0.17.12",
            "resolved": "https://registry.npmjs.org/@esbuild/linux-ia32/-/linux-ia32-0.17.12.tgz",
            "integrity": "sha512-jdOBXJqcgHlah/nYHnj3Hrnl9l63RjtQ4vn9+bohjQPI2QafASB5MtHAoEv0JQHVb/xYQTFOeuHnNYE1zF7tYw==",
            "cpu": [
                "ia32"
            ],
            "dev": true,
            "optional": true,
            "os": [
                "linux"
            ],
            "engines": {
                "node": ">=12"
            }
        },
        "node_modules/@esbuild/linux-loong64": {
            "version": "0.17.12",
            "resolved": "https://registry.npmjs.org/@esbuild/linux-loong64/-/linux-loong64-0.17.12.tgz",
            "integrity": "sha512-GTOEtj8h9qPKXCyiBBnHconSCV9LwFyx/gv3Phw0pa25qPYjVuuGZ4Dk14bGCfGX3qKF0+ceeQvwmtI+aYBbVA==",
            "cpu": [
                "loong64"
            ],
            "dev": true,
            "optional": true,
            "os": [
                "linux"
            ],
            "engines": {
                "node": ">=12"
            }
        },
        "node_modules/@esbuild/linux-mips64el": {
            "version": "0.17.12",
            "resolved": "https://registry.npmjs.org/@esbuild/linux-mips64el/-/linux-mips64el-0.17.12.tgz",
            "integrity": "sha512-o8CIhfBwKcxmEENOH9RwmUejs5jFiNoDw7YgS0EJTF6kgPgcqLFjgoc5kDey5cMHRVCIWc6kK2ShUePOcc7RbA==",
            "cpu": [
                "mips64el"
            ],
            "dev": true,
            "optional": true,
            "os": [
                "linux"
            ],
            "engines": {
                "node": ">=12"
            }
        },
        "node_modules/@esbuild/linux-ppc64": {
            "version": "0.17.12",
            "resolved": "https://registry.npmjs.org/@esbuild/linux-ppc64/-/linux-ppc64-0.17.12.tgz",
            "integrity": "sha512-biMLH6NR/GR4z+ap0oJYb877LdBpGac8KfZoEnDiBKd7MD/xt8eaw1SFfYRUeMVx519kVkAOL2GExdFmYnZx3A==",
            "cpu": [
                "ppc64"
            ],
            "dev": true,
            "optional": true,
            "os": [
                "linux"
            ],
            "engines": {
                "node": ">=12"
            }
        },
        "node_modules/@esbuild/linux-riscv64": {
            "version": "0.17.12",
            "resolved": "https://registry.npmjs.org/@esbuild/linux-riscv64/-/linux-riscv64-0.17.12.tgz",
            "integrity": "sha512-jkphYUiO38wZGeWlfIBMB72auOllNA2sLfiZPGDtOBb1ELN8lmqBrlMiucgL8awBw1zBXN69PmZM6g4yTX84TA==",
            "cpu": [
                "riscv64"
            ],
            "dev": true,
            "optional": true,
            "os": [
                "linux"
            ],
            "engines": {
                "node": ">=12"
            }
        },
        "node_modules/@esbuild/linux-s390x": {
            "version": "0.17.12",
            "resolved": "https://registry.npmjs.org/@esbuild/linux-s390x/-/linux-s390x-0.17.12.tgz",
            "integrity": "sha512-j3ucLdeY9HBcvODhCY4b+Ds3hWGO8t+SAidtmWu/ukfLLG/oYDMaA+dnugTVAg5fnUOGNbIYL9TOjhWgQB8W5g==",
            "cpu": [
                "s390x"
            ],
            "dev": true,
            "optional": true,
            "os": [
                "linux"
            ],
            "engines": {
                "node": ">=12"
            }
        },
        "node_modules/@esbuild/linux-x64": {
            "version": "0.17.12",
            "resolved": "https://registry.npmjs.org/@esbuild/linux-x64/-/linux-x64-0.17.12.tgz",
            "integrity": "sha512-uo5JL3cgaEGotaqSaJdRfFNSCUJOIliKLnDGWaVCgIKkHxwhYMm95pfMbWZ9l7GeW9kDg0tSxcy9NYdEtjwwmA==",
            "cpu": [
                "x64"
            ],
            "dev": true,
            "optional": true,
            "os": [
                "linux"
            ],
            "engines": {
                "node": ">=12"
            }
        },
        "node_modules/@esbuild/netbsd-x64": {
            "version": "0.17.12",
            "resolved": "https://registry.npmjs.org/@esbuild/netbsd-x64/-/netbsd-x64-0.17.12.tgz",
            "integrity": "sha512-DNdoRg8JX+gGsbqt2gPgkgb00mqOgOO27KnrWZtdABl6yWTST30aibGJ6geBq3WM2TIeW6COs5AScnC7GwtGPg==",
            "cpu": [
                "x64"
            ],
            "dev": true,
            "optional": true,
            "os": [
                "netbsd"
            ],
            "engines": {
                "node": ">=12"
            }
        },
        "node_modules/@esbuild/openbsd-x64": {
            "version": "0.17.12",
            "resolved": "https://registry.npmjs.org/@esbuild/openbsd-x64/-/openbsd-x64-0.17.12.tgz",
            "integrity": "sha512-aVsENlr7B64w8I1lhHShND5o8cW6sB9n9MUtLumFlPhG3elhNWtE7M1TFpj3m7lT3sKQUMkGFjTQBrvDDO1YWA==",
            "cpu": [
                "x64"
            ],
            "dev": true,
            "optional": true,
            "os": [
                "openbsd"
            ],
            "engines": {
                "node": ">=12"
            }
        },
        "node_modules/@esbuild/sunos-x64": {
            "version": "0.17.12",
            "resolved": "https://registry.npmjs.org/@esbuild/sunos-x64/-/sunos-x64-0.17.12.tgz",
            "integrity": "sha512-qbHGVQdKSwi0JQJuZznS4SyY27tYXYF0mrgthbxXrZI3AHKuRvU+Eqbg/F0rmLDpW/jkIZBlCO1XfHUBMNJ1pg==",
            "cpu": [
                "x64"
            ],
            "dev": true,
            "optional": true,
            "os": [
                "sunos"
            ],
            "engines": {
                "node": ">=12"
            }
        },
        "node_modules/@esbuild/win32-arm64": {
            "version": "0.17.12",
            "resolved": "https://registry.npmjs.org/@esbuild/win32-arm64/-/win32-arm64-0.17.12.tgz",
            "integrity": "sha512-zsCp8Ql+96xXTVTmm6ffvoTSZSV2B/LzzkUXAY33F/76EajNw1m+jZ9zPfNJlJ3Rh4EzOszNDHsmG/fZOhtqDg==",
            "cpu": [
                "arm64"
            ],
            "dev": true,
            "optional": true,
            "os": [
                "win32"
            ],
            "engines": {
                "node": ">=12"
            }
        },
        "node_modules/@esbuild/win32-ia32": {
            "version": "0.17.12",
            "resolved": "https://registry.npmjs.org/@esbuild/win32-ia32/-/win32-ia32-0.17.12.tgz",
            "integrity": "sha512-FfrFjR4id7wcFYOdqbDfDET3tjxCozUgbqdkOABsSFzoZGFC92UK7mg4JKRc/B3NNEf1s2WHxJ7VfTdVDPN3ng==",
            "cpu": [
                "ia32"
            ],
            "dev": true,
            "optional": true,
            "os": [
                "win32"
            ],
            "engines": {
                "node": ">=12"
            }
        },
        "node_modules/@esbuild/win32-x64": {
            "version": "0.17.12",
            "resolved": "https://registry.npmjs.org/@esbuild/win32-x64/-/win32-x64-0.17.12.tgz",
            "integrity": "sha512-JOOxw49BVZx2/5tW3FqkdjSD/5gXYeVGPDcB0lvap0gLQshkh1Nyel1QazC+wNxus3xPlsYAgqU1BUmrmCvWtw==",
            "cpu": [
                "x64"
            ],
            "dev": true,
            "optional": true,
            "os": [
                "win32"
            ],
            "engines": {
                "node": ">=12"
            }
        },
        "node_modules/@popperjs/core": {
            "version": "2.11.6",
            "resolved": "https://registry.npmjs.org/@popperjs/core/-/core-2.11.6.tgz",
            "integrity": "sha512-50/17A98tWUfQ176raKiOGXuYpLyyVMkxxG6oylzL3BPOlA6ADGdK7EYunSa4I064xerltq9TGXs8HmOk5E+vw==",
            "dev": true,
            "funding": {
                "type": "opencollective",
                "url": "https://opencollective.com/popperjs"
            }
        },
        "node_modules/anymatch": {
            "version": "3.1.3",
            "resolved": "https://registry.npmjs.org/anymatch/-/anymatch-3.1.3.tgz",
            "integrity": "sha512-KMReFUr0B4t+D+OBkjR3KYqvocp2XaSzO55UcB6mgQMd3KbcE+mWTyvVV7D/zsdEbNnV6acZUutkiHQXvTr1Rw==",
            "dev": true,
            "dependencies": {
                "normalize-path": "^3.0.0",
                "picomatch": "^2.0.4"
            },
            "engines": {
                "node": ">= 8"
            }
        },
        "node_modules/asynckit": {
            "version": "0.4.0",
            "resolved": "https://registry.npmjs.org/asynckit/-/asynckit-0.4.0.tgz",
            "integrity": "sha512-Oei9OH4tRh0YqU3GxhX79dM/mwVgvbZJaSNaRk+bshkj0S5cfHcgYakreBjrHwatXKbz+IoIdYLxrKim2MjW0Q==",
            "dev": true
        },
        "node_modules/axios": {
            "version": "1.3.4",
            "resolved": "https://registry.npmjs.org/axios/-/axios-1.3.4.tgz",
            "integrity": "sha512-toYm+Bsyl6VC5wSkfkbbNB6ROv7KY93PEBBL6xyDczaIHasAiv4wPqQ/c4RjoQzipxRD2W5g21cOqQulZ7rHwQ==",
            "dev": true,
            "dependencies": {
                "follow-redirects": "^1.15.0",
                "form-data": "^4.0.0",
                "proxy-from-env": "^1.1.0"
            }
        },
        "node_modules/binary-extensions": {
            "version": "2.2.0",
            "resolved": "https://registry.npmjs.org/binary-extensions/-/binary-extensions-2.2.0.tgz",
            "integrity": "sha512-jDctJ/IVQbZoJykoeHbhXpOlNBqGNcwXJKJog42E5HDPUwQTSdjCHdihjj0DlnheQ7blbT6dHOafNAiS8ooQKA==",
            "dev": true,
            "engines": {
                "node": ">=8"
            }
        },
        "node_modules/bootstrap": {
            "version": "5.2.3",
            "resolved": "https://registry.npmjs.org/bootstrap/-/bootstrap-5.2.3.tgz",
            "integrity": "sha512-cEKPM+fwb3cT8NzQZYEu4HilJ3anCrWqh3CHAok1p9jXqMPsPTBhU25fBckEJHJ/p+tTxTFTsFQGM+gaHpi3QQ==",
            "dev": true,
            "funding": [
                {
                    "type": "github",
                    "url": "https://github.com/sponsors/twbs"
                },
                {
                    "type": "opencollective",
                    "url": "https://opencollective.com/bootstrap"
                }
            ],
            "peerDependencies": {
                "@popperjs/core": "^2.11.6"
            }
        },
        "node_modules/braces": {
            "version": "3.0.2",
            "resolved": "https://registry.npmjs.org/braces/-/braces-3.0.2.tgz",
            "integrity": "sha512-b8um+L1RzM3WDSzvhm6gIz1yfTbBt6YTlcEKAvsmqCZZFw46z626lVj9j1yEPW33H5H+lBQpZMP1k8l+78Ha0A==",
            "dev": true,
            "dependencies": {
                "fill-range": "^7.0.1"
            },
            "engines": {
                "node": ">=8"
            }
        },
        "node_modules/chokidar": {
            "version": "3.5.3",
            "resolved": "https://registry.npmjs.org/chokidar/-/chokidar-3.5.3.tgz",
            "integrity": "sha512-Dr3sfKRP6oTcjf2JmUmFJfeVMvXBdegxB0iVQ5eb2V10uFJUCAS8OByZdVAyVb8xXNz3GjjTgj9kLWsZTqE6kw==",
            "dev": true,
            "funding": [
                {
                    "type": "individual",
                    "url": "https://paulmillr.com/funding/"
                }
            ],
            "dependencies": {
                "anymatch": "~3.1.2",
                "braces": "~3.0.2",
                "glob-parent": "~5.1.2",
                "is-binary-path": "~2.1.0",
                "is-glob": "~4.0.1",
                "normalize-path": "~3.0.0",
                "readdirp": "~3.6.0"
            },
            "engines": {
                "node": ">= 8.10.0"
            },
            "optionalDependencies": {
                "fsevents": "~2.3.2"
            }
        },
        "node_modules/combined-stream": {
            "version": "1.0.8",
            "resolved": "https://registry.npmjs.org/combined-stream/-/combined-stream-1.0.8.tgz",
            "integrity": "sha512-FQN4MRfuJeHf7cBbBMJFXhKSDq+2kAArBlmRBvcvFE5BB1HZKXtSFASDhdlz9zOYwxh8lDdnvmMOe/+5cdoEdg==",
            "dev": true,
            "dependencies": {
                "delayed-stream": "~1.0.0"
            },
            "engines": {
                "node": ">= 0.8"
            }
        },
        "node_modules/delayed-stream": {
            "version": "1.0.0",
            "resolved": "https://registry.npmjs.org/delayed-stream/-/delayed-stream-1.0.0.tgz",
            "integrity": "sha512-ZySD7Nf91aLB0RxL4KGrKHBXl7Eds1DAmEdcoVawXnLD7SDhpNgtuII2aAkg7a7QS41jxPSZ17p4VdGnMHk3MQ==",
            "dev": true,
            "engines": {
                "node": ">=0.4.0"
            }
        },
        "node_modules/esbuild": {
            "version": "0.17.12",
            "resolved": "https://registry.npmjs.org/esbuild/-/esbuild-0.17.12.tgz",
            "integrity": "sha512-bX/zHl7Gn2CpQwcMtRogTTBf9l1nl+H6R8nUbjk+RuKqAE3+8FDulLA+pHvX7aA7Xe07Iwa+CWvy9I8Y2qqPKQ==",
            "dev": true,
            "hasInstallScript": true,
            "bin": {
                "esbuild": "bin/esbuild"
            },
            "engines": {
                "node": ">=12"
            },
            "optionalDependencies": {
                "@esbuild/android-arm": "0.17.12",
                "@esbuild/android-arm64": "0.17.12",
                "@esbuild/android-x64": "0.17.12",
                "@esbuild/darwin-arm64": "0.17.12",
                "@esbuild/darwin-x64": "0.17.12",
                "@esbuild/freebsd-arm64": "0.17.12",
                "@esbuild/freebsd-x64": "0.17.12",
                "@esbuild/linux-arm": "0.17.12",
                "@esbuild/linux-arm64": "0.17.12",
                "@esbuild/linux-ia32": "0.17.12",
                "@esbuild/linux-loong64": "0.17.12",
                "@esbuild/linux-mips64el": "0.17.12",
                "@esbuild/linux-ppc64": "0.17.12",
                "@esbuild/linux-riscv64": "0.17.12",
                "@esbuild/linux-s390x": "0.17.12",
                "@esbuild/linux-x64": "0.17.12",
                "@esbuild/netbsd-x64": "0.17.12",
                "@esbuild/openbsd-x64": "0.17.12",
                "@esbuild/sunos-x64": "0.17.12",
                "@esbuild/win32-arm64": "0.17.12",
                "@esbuild/win32-ia32": "0.17.12",
                "@esbuild/win32-x64": "0.17.12"
            }
        },
        "node_modules/fill-range": {
            "version": "7.0.1",
            "resolved": "https://registry.npmjs.org/fill-range/-/fill-range-7.0.1.tgz",
            "integrity": "sha512-qOo9F+dMUmC2Lcb4BbVvnKJxTPjCm+RRpe4gDuGrzkL7mEVl/djYSu2OdQ2Pa302N4oqkSg9ir6jaLWJ2USVpQ==",
            "dev": true,
            "dependencies": {
                "to-regex-range": "^5.0.1"
            },
            "engines": {
                "node": ">=8"
            }
        },
        "node_modules/follow-redirects": {
            "version": "1.15.2",
            "resolved": "https://registry.npmjs.org/follow-redirects/-/follow-redirects-1.15.2.tgz",
            "integrity": "sha512-VQLG33o04KaQ8uYi2tVNbdrWp1QWxNNea+nmIB4EVM28v0hmP17z7aG1+wAkNzVq4KeXTq3221ye5qTJP91JwA==",
            "dev": true,
            "funding": [
                {
                    "type": "individual",
                    "url": "https://github.com/sponsors/RubenVerborgh"
                }
            ],
            "engines": {
                "node": ">=4.0"
            },
            "peerDependenciesMeta": {
                "debug": {
                    "optional": true
                }
            }
        },
        "node_modules/form-data": {
            "version": "4.0.0",
            "resolved": "https://registry.npmjs.org/form-data/-/form-data-4.0.0.tgz",
            "integrity": "sha512-ETEklSGi5t0QMZuiXoA/Q6vcnxcLQP5vdugSpuAyi6SVGi2clPPp+xgEhuMaHC+zGgn31Kd235W35f7Hykkaww==",
            "dev": true,
            "dependencies": {
                "asynckit": "^0.4.0",
                "combined-stream": "^1.0.8",
                "mime-types": "^2.1.12"
            },
            "engines": {
                "node": ">= 6"
            }
        },
        "node_modules/fsevents": {
            "version": "2.3.2",
            "resolved": "https://registry.npmjs.org/fsevents/-/fsevents-2.3.2.tgz",
            "integrity": "sha512-xiqMQR4xAeHTuB9uWm+fFRcIOgKBMiOBP+eXiyT7jsgVCq1bkVygt00oASowB7EdtpOHaaPgKt812P9ab+DDKA==",
            "dev": true,
            "hasInstallScript": true,
            "optional": true,
            "os": [
                "darwin"
            ],
            "engines": {
                "node": "^8.16.0 || ^10.6.0 || >=11.0.0"
            }
        },
        "node_modules/function-bind": {
            "version": "1.1.1",
            "resolved": "https://registry.npmjs.org/function-bind/-/function-bind-1.1.1.tgz",
            "integrity": "sha512-yIovAzMX49sF8Yl58fSCWJ5svSLuaibPxXQJFLmBObTuCr0Mf1KiPopGM9NiFjiYBCbfaa2Fh6breQ6ANVTI0A==",
            "dev": true
        },
        "node_modules/glob-parent": {
            "version": "5.1.2",
            "resolved": "https://registry.npmjs.org/glob-parent/-/glob-parent-5.1.2.tgz",
            "integrity": "sha512-AOIgSQCepiJYwP3ARnGx+5VnTu2HBYdzbGP45eLw1vr3zB3vZLeyed1sC9hnbcOc9/SrMyM5RPQrkGz4aS9Zow==",
            "dev": true,
            "dependencies": {
                "is-glob": "^4.0.1"
            },
            "engines": {
                "node": ">= 6"
            }
        },
        "node_modules/has": {
            "version": "1.0.3",
            "resolved": "https://registry.npmjs.org/has/-/has-1.0.3.tgz",
            "integrity": "sha512-f2dvO0VU6Oej7RkWJGrehjbzMAjFp5/VKPp5tTpWIV4JHHZK1/BxbFRtf/siA2SWTe09caDmVtYYzWEIbBS4zw==",
            "dev": true,
            "dependencies": {
                "function-bind": "^1.1.1"
            },
            "engines": {
                "node": ">= 0.4.0"
            }
        },
        "node_modules/immutable": {
            "version": "4.3.0",
            "resolved": "https://registry.npmjs.org/immutable/-/immutable-4.3.0.tgz",
            "integrity": "sha512-0AOCmOip+xgJwEVTQj1EfiDDOkPmuyllDuTuEX+DDXUgapLAsBIfkg3sxCYyCEA8mQqZrrxPUGjcOQ2JS3WLkg==",
            "dev": true
        },
        "node_modules/is-binary-path": {
            "version": "2.1.0",
            "resolved": "https://registry.npmjs.org/is-binary-path/-/is-binary-path-2.1.0.tgz",
            "integrity": "sha512-ZMERYes6pDydyuGidse7OsHxtbI7WVeUEozgR/g7rd0xUimYNlvZRE/K2MgZTjWy725IfelLeVcEM97mmtRGXw==",
            "dev": true,
            "dependencies": {
                "binary-extensions": "^2.0.0"
            },
            "engines": {
                "node": ">=8"
            }
        },
        "node_modules/is-core-module": {
            "version": "2.11.0",
            "resolved": "https://registry.npmjs.org/is-core-module/-/is-core-module-2.11.0.tgz",
            "integrity": "sha512-RRjxlvLDkD1YJwDbroBHMb+cukurkDWNyHx7D3oNB5x9rb5ogcksMC5wHCadcXoo67gVr/+3GFySh3134zi6rw==",
            "dev": true,
            "dependencies": {
                "has": "^1.0.3"
            },
            "funding": {
                "url": "https://github.com/sponsors/ljharb"
            }
        },
        "node_modules/is-extglob": {
            "version": "2.1.1",
            "resolved": "https://registry.npmjs.org/is-extglob/-/is-extglob-2.1.1.tgz",
            "integrity": "sha512-SbKbANkN603Vi4jEZv49LeVJMn4yGwsbzZworEoyEiutsN3nJYdbO36zfhGJ6QEDpOZIFkDtnq5JRxmvl3jsoQ==",
            "dev": true,
            "engines": {
                "node": ">=0.10.0"
            }
        },
        "node_modules/is-glob": {
            "version": "4.0.3",
            "resolved": "https://registry.npmjs.org/is-glob/-/is-glob-4.0.3.tgz",
            "integrity": "sha512-xelSayHH36ZgE7ZWhli7pW34hNbNl8Ojv5KVmkJD4hBdD3th8Tfk9vYasLM+mXWOZhFkgZfxhLSnrwRr4elSSg==",
            "dev": true,
            "dependencies": {
                "is-extglob": "^2.1.1"
            },
            "engines": {
                "node": ">=0.10.0"
            }
        },
        "node_modules/is-number": {
            "version": "7.0.0",
            "resolved": "https://registry.npmjs.org/is-number/-/is-number-7.0.0.tgz",
            "integrity": "sha512-41Cifkg6e8TylSpdtTpeLVMqvSBEVzTttHvERD741+pnZ8ANv0004MRL43QKPDlK9cGvNp6NZWZUBlbGXYxxng==",
            "dev": true,
            "engines": {
                "node": ">=0.12.0"
            }
        },
        "node_modules/laravel-vite-plugin": {
            "version": "0.7.4",
            "resolved": "https://registry.npmjs.org/laravel-vite-plugin/-/laravel-vite-plugin-0.7.4.tgz",
            "integrity": "sha512-NlIuXbeuI+4NZzRpWNpGHRVTwuFWessvD7QoD+o2MlyAi7qyUS4J8r4/yTlu1dl9lxcR7iKoYUmHQqZDcrw2KA==",
            "dev": true,
            "dependencies": {
                "picocolors": "^1.0.0",
                "vite-plugin-full-reload": "^1.0.5"
            },
            "engines": {
                "node": ">=14"
            },
            "peerDependencies": {
                "vite": "^3.0.0 || ^4.0.0"
            }
        },
        "node_modules/mime-db": {
            "version": "1.52.0",
            "resolved": "https://registry.npmjs.org/mime-db/-/mime-db-1.52.0.tgz",
            "integrity": "sha512-sPU4uV7dYlvtWJxwwxHD0PuihVNiE7TyAbQ5SWxDCB9mUYvOgroQOwYQQOKPJ8CIbE+1ETVlOoK1UC2nU3gYvg==",
            "dev": true,
            "engines": {
                "node": ">= 0.6"
            }
        },
        "node_modules/mime-types": {
            "version": "2.1.35",
            "resolved": "https://registry.npmjs.org/mime-types/-/mime-types-2.1.35.tgz",
            "integrity": "sha512-ZDY+bPm5zTTF+YpCrAU9nK0UgICYPT0QtT1NZWFv4s++TNkcgVaT0g6+4R2uI4MjQjzysHB1zxuWL50hzaeXiw==",
            "dev": true,
            "dependencies": {
                "mime-db": "1.52.0"
            },
            "engines": {
                "node": ">= 0.6"
            }
        },
        "node_modules/nanoid": {
            "version": "3.3.4",
            "resolved": "https://registry.npmjs.org/nanoid/-/nanoid-3.3.4.tgz",
            "integrity": "sha512-MqBkQh/OHTS2egovRtLk45wEyNXwF+cokD+1YPf9u5VfJiRdAiRwB2froX5Co9Rh20xs4siNPm8naNotSD6RBw==",
            "dev": true,
            "bin": {
                "nanoid": "bin/nanoid.cjs"
            },
            "engines": {
                "node": "^10 || ^12 || ^13.7 || ^14 || >=15.0.1"
            }
        },
        "node_modules/normalize-path": {
            "version": "3.0.0",
            "resolved": "https://registry.npmjs.org/normalize-path/-/normalize-path-3.0.0.tgz",
            "integrity": "sha512-6eZs5Ls3WtCisHWp9S2GUy8dqkpGi4BVSz3GaqiE6ezub0512ESztXUwUB6C6IKbQkY2Pnb/mD4WYojCRwcwLA==",
            "dev": true,
            "engines": {
                "node": ">=0.10.0"
            }
        },
        "node_modules/path-parse": {
            "version": "1.0.7",
            "resolved": "https://registry.npmjs.org/path-parse/-/path-parse-1.0.7.tgz",
            "integrity": "sha512-LDJzPVEEEPR+y48z93A0Ed0yXb8pAByGWo/k5YYdYgpY2/2EsOsksJrq7lOHxryrVOn1ejG6oAp8ahvOIQD8sw==",
            "dev": true
        },
        "node_modules/picocolors": {
            "version": "1.0.0",
            "resolved": "https://registry.npmjs.org/picocolors/-/picocolors-1.0.0.tgz",
            "integrity": "sha512-1fygroTLlHu66zi26VoTDv8yRgm0Fccecssto+MhsZ0D/DGW2sm8E8AjW7NU5VVTRt5GxbeZ5qBuJr+HyLYkjQ==",
            "dev": true
        },
        "node_modules/picomatch": {
            "version": "2.3.1",
            "resolved": "https://registry.npmjs.org/picomatch/-/picomatch-2.3.1.tgz",
            "integrity": "sha512-JU3teHTNjmE2VCGFzuY8EXzCDVwEqB2a8fsIvwaStHhAWJEeVd1o1QD80CU6+ZdEXXSLbSsuLwJjkCBWqRQUVA==",
            "dev": true,
            "engines": {
                "node": ">=8.6"
            },
            "funding": {
                "url": "https://github.com/sponsors/jonschlinkert"
            }
        },
        "node_modules/postcss": {
            "version": "8.4.21",
            "resolved": "https://registry.npmjs.org/postcss/-/postcss-8.4.21.tgz",
            "integrity": "sha512-tP7u/Sn/dVxK2NnruI4H9BG+x+Wxz6oeZ1cJ8P6G/PZY0IKk4k/63TDsQf2kQq3+qoJeLm2kIBUNlZe3zgb4Zg==",
            "dev": true,
            "funding": [
                {
                    "type": "opencollective",
                    "url": "https://opencollective.com/postcss/"
                },
                {
                    "type": "tidelift",
                    "url": "https://tidelift.com/funding/github/npm/postcss"
                }
            ],
            "dependencies": {
                "nanoid": "^3.3.4",
                "picocolors": "^1.0.0",
                "source-map-js": "^1.0.2"
            },
            "engines": {
                "node": "^10 || ^12 || >=14"
            }
        },
        "node_modules/proxy-from-env": {
            "version": "1.1.0",
            "resolved": "https://registry.npmjs.org/proxy-from-env/-/proxy-from-env-1.1.0.tgz",
            "integrity": "sha512-D+zkORCbA9f1tdWRK0RaCR3GPv50cMxcrz4X8k5LTSUD1Dkw47mKJEZQNunItRTkWwgtaUSo1RVFRIG9ZXiFYg==",
            "dev": true
        },
        "node_modules/readdirp": {
            "version": "3.6.0",
            "resolved": "https://registry.npmjs.org/readdirp/-/readdirp-3.6.0.tgz",
            "integrity": "sha512-hOS089on8RduqdbhvQ5Z37A0ESjsqz6qnRcffsMU3495FuTdqSm+7bhJ29JvIOsBDEEnan5DPu9t3To9VRlMzA==",
            "dev": true,
            "dependencies": {
                "picomatch": "^2.2.1"
            },
            "engines": {
                "node": ">=8.10.0"
            }
        },
        "node_modules/resolve": {
            "version": "1.22.1",
            "resolved": "https://registry.npmjs.org/resolve/-/resolve-1.22.1.tgz",
            "integrity": "sha512-nBpuuYuY5jFsli/JIs1oldw6fOQCBioohqWZg/2hiaOybXOft4lonv85uDOKXdf8rhyK159cxU5cDcK/NKk8zw==",
            "dev": true,
            "dependencies": {
                "is-core-module": "^2.9.0",
                "path-parse": "^1.0.7",
                "supports-preserve-symlinks-flag": "^1.0.0"
            },
            "bin": {
                "resolve": "bin/resolve"
            },
            "funding": {
                "url": "https://github.com/sponsors/ljharb"
            }
        },
        "node_modules/rollup": {
            "version": "3.19.1",
            "resolved": "https://registry.npmjs.org/rollup/-/rollup-3.19.1.tgz",
            "integrity": "sha512-lAbrdN7neYCg/8WaoWn/ckzCtz+jr70GFfYdlf50OF7387HTg+wiuiqJRFYawwSPpqfqDNYqK7smY/ks2iAudg==",
            "dev": true,
            "bin": {
                "rollup": "dist/bin/rollup"
            },
            "engines": {
                "node": ">=14.18.0",
                "npm": ">=8.0.0"
            },
            "optionalDependencies": {
                "fsevents": "~2.3.2"
            }
        },
        "node_modules/sass": {
            "version": "1.59.3",
            "resolved": "https://registry.npmjs.org/sass/-/sass-1.59.3.tgz",
            "integrity": "sha512-QCq98N3hX1jfTCoUAsF3eyGuXLsY7BCnCEg9qAact94Yc21npG2/mVOqoDvE0fCbWDqiM4WlcJQla0gWG2YlxQ==",
            "dev": true,
            "dependencies": {
                "chokidar": ">=3.0.0 <4.0.0",
                "immutable": "^4.0.0",
                "source-map-js": ">=0.6.2 <2.0.0"
            },
            "bin": {
                "sass": "sass.js"
            },
            "engines": {
                "node": ">=12.0.0"
            }
        },
        "node_modules/source-map-js": {
            "version": "1.0.2",
            "resolved": "https://registry.npmjs.org/source-map-js/-/source-map-js-1.0.2.tgz",
            "integrity": "sha512-R0XvVJ9WusLiqTCEiGCmICCMplcCkIwwR11mOSD9CR5u+IXYdiseeEuXCVAjS54zqwkLcPNnmU4OeJ6tUrWhDw==",
            "dev": true,
            "engines": {
                "node": ">=0.10.0"
            }
        },
        "node_modules/supports-preserve-symlinks-flag": {
            "version": "1.0.0",
            "resolved": "https://registry.npmjs.org/supports-preserve-symlinks-flag/-/supports-preserve-symlinks-flag-1.0.0.tgz",
            "integrity": "sha512-ot0WnXS9fgdkgIcePe6RHNk1WA8+muPa6cSjeR3V8K27q9BB1rTE3R1p7Hv0z1ZyAc8s6Vvv8DIyWf681MAt0w==",
            "dev": true,
            "engines": {
                "node": ">= 0.4"
            },
            "funding": {
                "url": "https://github.com/sponsors/ljharb"
            }
        },
        "node_modules/to-regex-range": {
            "version": "5.0.1",
            "resolved": "https://registry.npmjs.org/to-regex-range/-/to-regex-range-5.0.1.tgz",
            "integrity": "sha512-65P7iz6X5yEr1cwcgvQxbbIw7Uk3gOy5dIdtZ4rDveLqhrdJP+Li/Hx6tyK0NEb+2GCyneCMJiGqrADCSNk8sQ==",
            "dev": true,
            "dependencies": {
                "is-number": "^7.0.0"
            },
            "engines": {
                "node": ">=8.0"
            }
        },
        "node_modules/vite": {
            "version": "4.2.0",
            "resolved": "https://registry.npmjs.org/vite/-/vite-4.2.0.tgz",
            "integrity": "sha512-AbDTyzzwuKoRtMIRLGNxhLRuv1FpRgdIw+1y6AQG73Q5+vtecmvzKo/yk8X/vrHDpETRTx01ABijqUHIzBXi0g==",
            "dev": true,
            "dependencies": {
                "esbuild": "^0.17.5",
                "postcss": "^8.4.21",
                "resolve": "^1.22.1",
                "rollup": "^3.18.0"
            },
            "bin": {
                "vite": "bin/vite.js"
            },
            "engines": {
                "node": "^14.18.0 || >=16.0.0"
            },
            "optionalDependencies": {
                "fsevents": "~2.3.2"
            },
            "peerDependencies": {
                "@types/node": ">= 14",
                "less": "*",
                "sass": "*",
                "stylus": "*",
                "sugarss": "*",
                "terser": "^5.4.0"
            },
            "peerDependenciesMeta": {
                "@types/node": {
                    "optional": true
                },
                "less": {
                    "optional": true
                },
                "sass": {
                    "optional": true
                },
                "stylus": {
                    "optional": true
                },
                "sugarss": {
                    "optional": true
                },
                "terser": {
                    "optional": true
                }
            }
        },
        "node_modules/vite-plugin-full-reload": {
            "version": "1.0.5",
            "resolved": "https://registry.npmjs.org/vite-plugin-full-reload/-/vite-plugin-full-reload-1.0.5.tgz",
            "integrity": "sha512-kVZFDFWr0DxiHn6MuDVTQf7gnWIdETGlZh0hvTiMXzRN80vgF4PKbONSq8U1d0WtHsKaFODTQgJeakLacoPZEQ==",
            "dev": true,
            "dependencies": {
                "picocolors": "^1.0.0",
                "picomatch": "^2.3.1"
            },
            "peerDependencies": {
                "vite": "^2 || ^3 || ^4"
            }
        }
    }
}
